,district,zip,count
0,Mitte,10117,171
1,Hansaviertel,10557,114
2,Moabit,10557,114
3,Tiergarten,10557,114
4,Mitte,10179,87
5,Dahlem,14195,82
6,Grunewald,14195,82
7,Lichterfelde,14195,82
8,Schmargendorf,14195,82
9,Steglitz,14195,82
10,Wilmersdorf,14195,82
11,Kreuzberg,10999,66
12,Friedrichshagen,12587,54
13,Charlottenburg-Nord,13353,53
14,Gesundbrunnen,13353,53
15,Tiergarten,13353,53
16,Wedding,13353,53
17,Mitte,10178,43
18,Blankenburg,13129,40
19,StadtrandsiedlungMalchow,13129,40
20,Marzahn,12679,28
21,Nikolassee,14163,26
22,Zehlendorf,14163,26
23,Charlottenburg,10627,26
24,Borsigwalde,13509,25
25,Reinickendorf,13509,25
26,Tegel,13509,25
27,Wittenau,13509,25
28,Alt-Treptow,12435,24
29,Plänterwald,12435,24
30,Schöneberg,12101,22
31,Tempelhof,12101,22
32,Friedenau,12163,19
33,Steglitz,12163,19
34,Charlottenburg,10789,17
35,Schöneberg,10789,17
36,Wilmersdorf,10789,17
37,Pankow,13187,16
38,Buch,13125,14
39,FranzösischBuchholz,13125,14
40,Karow,13125,14
41,Britz,12099,13
42,Mariendorf,12099,13
43,Neukölln,12099,13
44,Tempelhof,12099,13
45,Gesundbrunnen,13347,13
46,Wedding,13347,13
47,Weißensee,13086,13
48,PrenzlauerBerg,10437,12
49,Kreuzberg,10997,10
50,Köpenick,12559,9
51,Müggelheim,12559,9
52,Charlottenburg,10787,7
53,Schöneberg,10787,7
54,Tiergarten,10787,7
55,Köpenick,12555,6
56,Gesundbrunnen,13357,5
57,Wedding,13357,5
58,Mitte,10115,5
59,Moabit,10559,4
60,Tiergarten,10559,4
61,Kreuzberg,10969,4
62,Mitte,10969,4
63,Lichtenberg,10365,4
64,Charlottenburg,10623,3
65,Kreuzberg,10967,3
66,Neukölln,10967,3
67,Charlottenburg,10629,2
68,Steglitz,12165,2
69,Pichelsdorf,13597,2
70,Spandau,13597,2
71,Westend,13597,2
72,Wilhelmstadt,13597,2
73,Hansaviertel,10555,2
74,Moabit,10555,2
75,Tiergarten,10555,2
76,Mitte,10435,2
77,PrenzlauerBerg,10435,2
78,Charlottenburg,14055,2
79,Grunewald,14055,2
80,Westend,14055,2
81,Mariendorf,12105,1
82,Schöneberg,12105,1
83,Tempelhof,12105,1
84,Neukölln,12057,1
85,PrenzlauerBerg,10407,1
86,Niederschöneweide,12439,1
87,Friedrichshain,10245,1
88,Adlershof,12489,1
89,Johannisthal,12489,1
90,Schöneberg,10781,1
91,Gesundbrunnen,13355,1
92,Wedding,13355,1
93,Lichterfelde,12205,1
94,Niederschönhausen,13156,1
95,Rosenthal,13156,1
96,Reinickendorf,13405,1
97,Tegel,13405,1
98,Wedding,13405,1
99,Friedrichshain,10243,1
100,Baumschulenweg,12437,1
101,Johannisthal,12437,1
102,Niederschöneweide,12437,1
103,Plänterwald,12437,1
104,Grünau,12527,1
105,Karolinenhof,12527,1
106,Schmöckwitz,12527,1
107,Friedenau,10827,1
108,Schöneberg,10827,1
